{"cameraMode":{"drawMode":0,"name":"Shaded","section":"Shading Mode"},"sceneLighting":true,"audioPlay":false,"sceneViewState":{"showFog":true,"showMaterialUpdate":true,"showSkybox":true,"showFlares":true,"showImageEffects":true,"showParticleSystems":true},"in2DMode":false,"pivot":{"x":2.8961048126220705,"y":2.1552906036376955,"z":-3.0282678604125978},"rotation":{"x":0.2255614548921585,"y":0.5210818648338318,"z":-0.1450558453798294,"w":0.8102820515632629},"size":6.754931926727295,"orthographic":true}