{"cameraMode":{"drawMode":0,"name":"Shaded","section":"Shading Mode"},"sceneLighting":false,"audioPlay":false,"sceneViewState":{"showFog":true,"showMaterialUpdate":true,"showSkybox":false,"showFlares":true,"showImageEffects":true,"showParticleSystems":true},"in2DMode":false,"pivot":{"x":-20.514225006103517,"y":1.2042545080184937,"z":17.71055030822754},"rotation":{"x":0.0924374908208847,"y":-0.8648321628570557,"z":0.17296837270259858,"w":0.46217650175094607},"size":0.9362965822219849,"orthographic":true}