{"cameraMode":{"drawMode":0,"name":"Shaded","section":"Shading Mode"},"sceneLighting":false,"audioPlay":false,"sceneViewState":{"showFog":true,"showMaterialUpdate":true,"showSkybox":false,"showFlares":true,"showImageEffects":true,"showParticleSystems":true},"in2DMode":false,"pivot":{"x":2.1402459144592287,"y":2.285172939300537,"z":-0.6522912979125977},"rotation":{"x":0.2255614548921585,"y":0.5210818648338318,"z":-0.1450558453798294,"w":0.8102820515632629},"size":0.7071067690849304,"orthographic":true}