{"cameraMode":{"drawMode":0,"name":"Shaded","section":"Shading Mode"},"sceneLighting":false,"audioPlay":false,"sceneViewState":{"showFog":true,"showMaterialUpdate":true,"showSkybox":false,"showFlares":true,"showImageEffects":true,"showParticleSystems":true},"in2DMode":false,"pivot":{"x":-21.409208297729493,"y":0.7420633435249329,"z":17.980690002441408},"rotation":{"x":0.0924374908208847,"y":-0.8648321628570557,"z":0.17296837270259858,"w":0.46217650175094607},"size":0.7141720056533814,"orthographic":true}