{"cameraMode":{"drawMode":0,"name":"Shaded","section":"Shading Mode"},"sceneLighting":false,"audioPlay":false,"sceneViewState":{"showFog":true,"showMaterialUpdate":true,"showSkybox":false,"showFlares":true,"showImageEffects":true,"showParticleSystems":true},"in2DMode":false,"pivot":{"x":-19.659198760986329,"y":1.074283242225647,"z":23.660686492919923},"rotation":{"x":0.0924374908208847,"y":-0.8648321628570557,"z":0.17296837270259858,"w":0.46217650175094607},"size":0.8210698366165161,"orthographic":true}