{"cameraMode":{"drawMode":0,"name":"Shaded","section":"Shading Mode"},"sceneLighting":false,"audioPlay":false,"sceneViewState":{"showFog":true,"showMaterialUpdate":true,"showSkybox":false,"showFlares":true,"showImageEffects":true,"showParticleSystems":true},"in2DMode":false,"pivot":{"x":-23.04878807067871,"y":0.8567642569541931,"z":23.674097061157228},"rotation":{"x":0.0924374908208847,"y":-0.8648321628570557,"z":0.17296837270259858,"w":0.46217650175094607},"size":0.6768530607223511,"orthographic":true}