{"cameraMode":{"drawMode":0,"name":"Shaded","section":"Shading Mode"},"sceneLighting":false,"audioPlay":false,"sceneViewState":{"showFog":true,"showMaterialUpdate":true,"showSkybox":false,"showFlares":true,"showImageEffects":true,"showParticleSystems":true},"in2DMode":false,"pivot":{"x":-20.514225006103517,"y":1.2042546272277833,"z":23.65816307067871},"rotation":{"x":0.5171817541122437,"y":0.06661635637283325,"z":-0.04042218625545502,"w":0.8523224592208862},"size":0.9287359714508057,"orthographic":true}