{"cameraMode":{"drawMode":0,"name":"Shaded","section":"Shading Mode"},"sceneLighting":true,"audioPlay":false,"sceneViewState":{"showFog":true,"showMaterialUpdate":true,"showSkybox":true,"showFlares":true,"showImageEffects":true,"showParticleSystems":true},"in2DMode":false,"pivot":{"x":4.380417346954346,"y":-1.5187296867370606,"z":-1.7869561910629273},"rotation":{"x":-0.010569688864052296,"y":0.9391987919807434,"z":-0.029029084369540216,"w":-0.3419874310493469},"size":11.673288345336914,"orthographic":true}