{"cameraMode":{"drawMode":0,"name":"Shaded","section":"Shading Mode"},"sceneLighting":true,"audioPlay":false,"sceneViewState":{"showFog":true,"showMaterialUpdate":false,"showSkybox":true,"showFlares":true,"showImageEffects":true,"showParticleSystems":true},"in2DMode":false,"pivot":{"x":4.698078632354736,"y":-5.598262786865234,"z":4.6980743408203129},"rotation":{"x":-0.2287852019071579,"y":0.7405932545661926,"z":-0.552336573600769,"w":-0.30676373839378359},"size":6.7187652587890629,"orthographic":false}